year,make,fuel_type,number
2005,ALFA ROMEO,Unknown,914.0
2005,ASTON MARTIN,Unknown,23.0
2005,AUDI,Unknown,2025.0
2005,AUSTIN,Unknown,137.0
2005,B.M.W.,Unknown,15351.0
2005,BENTLEY,Unknown,68.0
2005,CADILLAC,Unknown,7.0
2005,CHEVROLET,Unknown,3699.0
2005,CHRYSLER,Unknown,422.0
2005,CITROEN,Unknown,696.0
2005,DAEWOO,Unknown,817.0
2005,DAIHATSU,Unknown,2065.0
2005,DAIMLER,Unknown,30.0
2005,DATSUN,Unknown,129.0
2005,FERRARI,Unknown,166.0
2005,FIAT,Unknown,382.0
2005,FORD,Unknown,7243.0
2005,HOLDEN,Unknown,6.0
2005,HONDA,Unknown,47816.0
2005,HYUNDAI,Unknown,41650.0
2005,ISUZU,Unknown,20.0
2005,JAGUAR,Unknown,1952.0
2005,JEEP,Unknown,41.0
2005,KIA,Unknown,12079.0
2005,LAMBORGHINI,Unknown,53.0
2005,LANCIA,Unknown,6.0
2005,LAND ROVER,Unknown,280.0
2005,LOTUS,Unknown,64.0
2005,M.G.,Unknown,108.0
2005,MASERATI,Unknown,78.0
2005,MAZDA,Unknown,19998.0
2005,MERCEDES BENZ,Unknown,27230.0
2005,MG-F,Unknown,9.0
2005,MINI,Unknown,547.0
2005,MINI MAYFAIR,Unknown,5.0
2005,MITSUBISHI,Unknown,29416.0
2005,MORGAN,Unknown,6.0
2005,MORRIS,Unknown,93.0
2005,NISSAN,Unknown,65368.0
2005,OPEL,Unknown,2319.0
2005,OTHERS 2,Unknown,50.0
2005,PANTHER,Unknown,7.0
2005,PERODUA,Unknown,1060.0
2005,PEUGEOT,Unknown,2033.0
2005,PORSCHE,Unknown,763.0
2005,PROTON,Unknown,4612.0
2005,RENAULT,Unknown,3430.0
2005,ROLLS ROYCE,Unknown,104.0
2005,ROVER,Unknown,416.0
2005,SAAB,Unknown,1597.0
2005,SEAT,Unknown,233.0
2005,SKODA,Unknown,425.0
2005,SSANGYONG,Unknown,93.0
2005,SUBARU,Unknown,6351.0
2005,SUNBEAM,Unknown,8.0
2005,SUZUKI,Unknown,7200.0
2005,TOYOTA,Unknown,120560.0
2005,TRIUMPH,Unknown,34.0
2005,VOLKSWAGEN,Unknown,2923.0
2005,VOLVO,Unknown,5366.0
2006,ALFA ROMEO,Unknown,866.0
2006,ASTON MARTIN,Unknown,34.0
2006,AUDI,Unknown,2386.0
2006,AUSTIN,Unknown,155.0
2006,B.M.W.,Unknown,16527.0
2006,BENTLEY,Unknown,103.0
2006,CADILLAC,Unknown,5.0
2006,CHERY,Unknown,269.0
2006,CHEVROLET,Unknown,6251.0
2006,CHRYSLER,Unknown,576.0
2006,CITROEN,Unknown,514.0
2006,DAEWOO,Unknown,487.0
2006,DAIHATSU,Unknown,1769.0
2006,DAIMLER,Unknown,24.0
2006,DATSUN,Unknown,21.0
2006,DODGE,Unknown,6.0
2006,FERRARI,Unknown,178.0
2006,FIAT,Unknown,770.0
2006,FORD,Unknown,6036.0
2006,GEELY,Unknown,19.0
2006,HOLDEN,Unknown,5.0
2006,HONDA,Unknown,53792.0
2006,HYUNDAI,Unknown,45393.0
2006,ISUZU,Unknown,19.0
2006,JAGUAR,Unknown,1862.0
2006,JEEP,Unknown,63.0
2006,KIA,Unknown,15558.0
2006,LAMBORGHINI,Unknown,80.0
2006,LANCIA,Unknown,6.0
2006,LAND ROVER,Unknown,257.0
2006,LOTUS,Unknown,70.0
2006,M.G.,Unknown,130.0
2006,MASERATI,Unknown,105.0
2006,MAZDA,Unknown,21161.0
2006,MERCEDES BENZ,Unknown,25150.0
2006,MG-F,Unknown,9.0
2006,MINI,Unknown,744.0
2006,MINI MAYFAIR,Unknown,5.0
2006,MITSUBISHI,Unknown,31264.0
2006,MORGAN,Unknown,6.0
2006,MORRIS,Unknown,99.0
2006,NISSAN,Unknown,64904.0
2006,OPEL,Unknown,2142.0
2006,OTHERS 2,Unknown,64.0
2006,PANTHER,Unknown,7.0
2006,PERODUA,Unknown,1446.0
2006,PEUGEOT,Unknown,2202.0
2006,PORSCHE,Unknown,912.0
2006,PROTON,Unknown,4630.0
2006,RENAULT,Unknown,3139.0
2006,ROLLS ROYCE,Unknown,116.0
2006,ROVER,Unknown,212.0
2006,SAAB,Unknown,1588.0
2006,SEAT,Unknown,113.0
2006,SKODA,Unknown,372.0
2006,SSANGYONG,Unknown,133.0
2006,SUBARU,Unknown,7600.0
2006,SUNBEAM,Unknown,8.0
2006,SUZUKI,Unknown,8201.0
2006,TD CARS,Unknown,5.0
2006,TOYOTA,Unknown,135799.0
2006,TRIUMPH,Unknown,34.0
2006,VOLKSWAGEN,Unknown,2900.0
2006,VOLVO,Unknown,5416.0
2007,ALFA ROMEO,Unknown,900.0
2007,ASTON MARTIN,Unknown,54.0
2007,AUDI,Unknown,3115.0
2007,AUSTIN,Unknown,155.0
2007,B.M.W.,Unknown,18321.0
2007,BENTLEY,Unknown,138.0
2007,CADILLAC,Unknown,5.0
2007,CHERY,Unknown,906.0
2007,CHEVROLET,Unknown,8161.0
2007,CHRYSLER,Unknown,670.0
2007,CITROEN,Unknown,615.0
2007,DAEWOO,Unknown,286.0
2007,DAIHATSU,Unknown,2044.0
2007,DAIMLER,Unknown,22.0
2007,DATSUN,Unknown,17.0
2007,DODGE,Unknown,39.0
2007,DONGFENG,Unknown,33.0
2007,FERRARI,Unknown,221.0
2007,FIAT,Unknown,1404.0
2007,FORD,Unknown,4878.0
2007,GEELY,Unknown,523.0
2007,HAFEI,Unknown,168.0
2007,HOLDEN,Unknown,7.0
2007,HONDA,Unknown,67830.0
2007,HYUNDAI,Unknown,44798.0
2007,ISUZU,Unknown,18.0
2007,JAGUAR,Unknown,1826.0
2007,JEEP,Unknown,86.0
2007,KIA,Unknown,16591.0
2007,LAMBORGHINI,Unknown,110.0
2007,LANCIA,Unknown,6.0
2007,LAND ROVER,Unknown,249.0
2007,LOTUS,Unknown,75.0
2007,M.G.,Unknown,127.0
2007,MASERATI,Unknown,143.0
2007,MAZDA,Unknown,22495.0
2007,MERCEDES BENZ,Unknown,24999.0
2007,MG-F,Unknown,9.0
2007,MINI,Unknown,984.0
2007,MINI MAYFAIR,Unknown,5.0
2007,MITSUBISHI,Unknown,34542.0
2007,MITSUOKA,Unknown,26.0
2007,MORGAN,Unknown,6.0
2007,MORRIS,Unknown,99.0
2007,NISSAN,Unknown,64507.0
2007,OPEL,Unknown,2082.0
2007,OTHERS 2,Unknown,62.0
2007,PANTHER,Unknown,7.0
2007,PERODUA,Unknown,1905.0
2007,PEUGEOT,Unknown,2387.0
2007,PORSCHE,Unknown,1242.0
2007,PROTON,Unknown,4642.0
2007,RENAULT,Unknown,3019.0
2007,ROLLS ROYCE,Unknown,116.0
2007,ROVER,Unknown,122.0
2007,SAAB,Unknown,1574.0
2007,SEAT,Unknown,62.0
2007,SKODA,Unknown,323.0
2007,SSANGYONG,Unknown,196.0
2007,SUBARU,Unknown,9949.0
2007,SUNBEAM,Unknown,8.0
2007,SUZUKI,Unknown,11263.0
2007,TD CARS,Unknown,5.0
2007,TOYOTA,Unknown,146597.0
2007,TRIUMPH,Unknown,33.0
2007,VOLKSWAGEN,Unknown,3475.0
2007,VOLVO,Unknown,5759.0
2008,ALFA ROMEO,Unknown,858.0
2008,ASTON MARTIN,Unknown,77.0
2008,AUDI,Unknown,4223.0
2008,AUSTIN,Unknown,154.0
2008,B.M.W.,Unknown,20434.0
2008,BENTLEY,Unknown,179.0
2008,CHANA,Unknown,39.0
2008,CHERY,Unknown,1466.0
2008,CHEVROLET,Unknown,8951.0
2008,CHRYSLER,Unknown,698.0
2008,CITROEN,Unknown,730.0
2008,DAEWOO,Unknown,175.0
2008,DAIHATSU,Unknown,2538.0
2008,DAIMLER,Unknown,22.0
2008,DATSUN,Unknown,16.0
2008,DODGE,Unknown,46.0
2008,DONGFENG,Unknown,64.0
2008,FERRARI,Unknown,264.0
2008,FIAT,Unknown,1775.0
2008,FORD,Unknown,4045.0
2008,GEELY,Unknown,697.0
2008,GOLDEN DRAGON,Unknown,5.0
2008,HAFEI,Unknown,297.0
2008,HOLDEN,Unknown,7.0
2008,HONDA,Unknown,85768.0
2008,HYUNDAI,Unknown,41708.0
2008,ISUZU,Unknown,17.0
2008,JAGUAR,Unknown,1851.0
2008,JEEP,Unknown,108.0
2008,KIA,Unknown,16927.0
2008,LAMBORGHINI,Unknown,156.0
2008,LAND ROVER,Unknown,259.0
2008,LOTUS,Unknown,94.0
2008,M.G.,Unknown,125.0
2008,MASERATI,Unknown,227.0
2008,MAZDA,Unknown,22647.0
2008,MERCEDES BENZ,Unknown,25896.0
2008,MG-F,Unknown,9.0
2008,MINI,Unknown,1227.0
2008,MINI MAYFAIR,Unknown,5.0
2008,MITSUBISHI,Unknown,36805.0
2008,MITSUOKA,Unknown,31.0
2008,MORGAN,Unknown,7.0
2008,MORRIS,Unknown,100.0
2008,NAZA,Unknown,27.0
2008,NISSAN,Unknown,61701.0
2008,OPEL,Unknown,1965.0
2008,OTHERS 2,Unknown,73.0
2008,PANTHER,Unknown,7.0
2008,PERODUA,Unknown,2193.0
2008,PEUGEOT,Unknown,2476.0
2008,PORSCHE,Unknown,1554.0
2008,PROTON,Unknown,4486.0
2008,RENAULT,Unknown,2798.0
2008,ROLLS ROYCE,Unknown,127.0
2008,ROVER,Unknown,75.0
2008,SAAB,Unknown,1499.0
2008,SEAT,Unknown,44.0
2008,SKODA,Unknown,273.0
2008,SSANGYONG,Unknown,308.0
2008,SUBARU,Unknown,12446.0
2008,SUNBEAM,Unknown,8.0
2008,SUZUKI,Unknown,13641.0
2008,TD CARS,Unknown,5.0
2008,TOYOTA,Unknown,154948.0
2008,TRIUMPH,Unknown,33.0
2008,VOLKSWAGEN,Unknown,4474.0
2008,VOLVO,Unknown,5899.0
2008,WULING,Unknown,53.0
2008,ZOTYE,Unknown,6.0
2009,ALFA ROMEO,Unknown,886.0
2009,ASTON MARTIN,Unknown,100.0
2009,AUDI,Unknown,5590.0
2009,AUSTIN,Unknown,154.0
2009,B.M.W.,Unknown,22871.0
2009,BENTLEY,Unknown,219.0
2009,CHANA,Unknown,66.0
2009,CHERY,Unknown,1687.0
2009,CHEVROLET,Unknown,9973.0
2009,CHRYSLER,Unknown,696.0
2009,CITROEN,Unknown,948.0
2009,DAEWOO,Unknown,115.0
2009,DAIHATSU,Unknown,2577.0
2009,DAIMLER,Unknown,21.0
2009,DATSUN,Unknown,13.0
2009,DODGE,Unknown,45.0
2009,DONGFENG,Unknown,97.0
2009,FERRARI,Unknown,294.0
2009,FIAT,Unknown,2032.0
2009,FORD,Unknown,3788.0
2009,GEELY,Unknown,763.0
2009,GOLDEN DRAGON,Unknown,6.0
2009,HAFEI,Unknown,326.0
2009,HOLDEN,Unknown,7.0
2009,HONDA,Unknown,90861.0
2009,HUMMER,Unknown,17.0
2009,HYUNDAI,Unknown,43907.0
2009,ISUZU,Unknown,14.0
2009,JAGUAR,Unknown,1888.0
2009,JEEP,Unknown,117.0
2009,KIA,Unknown,19899.0
2009,LAMBORGHINI,Unknown,201.0
2009,LANCIA,Unknown,5.0
2009,LAND ROVER,Unknown,305.0
2009,LOTUS,Unknown,101.0
2009,M.G.,Unknown,121.0
2009,MASERATI,Unknown,300.0
2009,MAZDA,Unknown,22334.0
2009,MERCEDES BENZ,Unknown,27621.0
2009,MG-F,Unknown,8.0
2009,MINI,Unknown,1384.0
2009,MINI MAYFAIR,Unknown,5.0
2009,MITSUBISHI,Unknown,36846.0
2009,MITSUOKA,Unknown,30.0
2009,MORGAN,Unknown,8.0
2009,MORRIS,Unknown,101.0
2009,NAZA,Unknown,28.0
2009,NISSAN,Unknown,59590.0
2009,OPEL,Unknown,1830.0
2009,OTHERS 2,Unknown,68.0
2009,PANTHER,Unknown,7.0
2009,PERODUA,Unknown,2408.0
2009,PEUGEOT,Unknown,2645.0
2009,PORSCHE,Unknown,1822.0
2009,PROTON,Unknown,4462.0
2009,RENAULT,Unknown,2661.0
2009,ROLLS ROYCE,Unknown,138.0
2009,ROVER,Unknown,54.0
2009,SAAB,Unknown,1365.0
2009,SEAT,Unknown,26.0
2009,SKODA,Unknown,341.0
2009,SSANGYONG,Unknown,350.0
2009,SUBARU,Unknown,13463.0
2009,SUNBEAM,Unknown,8.0
2009,SUZUKI,Unknown,14592.0
2009,TD CARS,Unknown,6.0
2009,TOYOTA,Unknown,161074.0
2009,TRIUMPH,Unknown,33.0
2009,VOLKSWAGEN,Unknown,6780.0
2009,VOLVO,Unknown,6165.0
2009,WULING,Unknown,61.0
2009,ZOTYE,Unknown,47.0
2010,ALFA ROMEO,Unknown,924.0
2010,ASTON MARTIN,Unknown,134.0
2010,AUDI,Unknown,7645.0
2010,AUSTIN,Unknown,152.0
2010,B.M.W.,Unknown,26411.0
2010,BENTLEY,Unknown,268.0
2010,CHANA,Unknown,66.0
2010,CHERY,Unknown,1759.0
2010,CHEVROLET,Unknown,10653.0
2010,CHRYSLER,Unknown,661.0
2010,CITROEN,Unknown,1275.0
2010,DAEWOO,Unknown,77.0
2010,DAIHATSU,Unknown,2557.0
2010,DAIMLER,Unknown,20.0
2010,DATSUN,Unknown,13.0
2010,DODGE,Unknown,51.0
2010,DONGFENG,Unknown,103.0
2010,FERRARI,Unknown,360.0
2010,FIAT,Unknown,2246.0
2010,FORD,Unknown,3762.0
2010,GEELY,Unknown,770.0
2010,GOLDEN DRAGON,Unknown,6.0
2010,HAFEI,Unknown,333.0
2010,HOLDEN,Unknown,7.0
2010,HONDA,Unknown,91494.0
2010,HUMMER,Unknown,23.0
2010,HYUNDAI,Unknown,44031.0
2010,ISUZU,Unknown,9.0
2010,JAGUAR,Unknown,2062.0
2010,JEEP,Unknown,132.0
2010,KIA,Unknown,22285.0
2010,LAMBORGHINI,Unknown,250.0
2010,LANCIA,Unknown,5.0
2010,LAND ROVER,Unknown,392.0
2010,LOTUS,Unknown,115.0
2010,M.G.,Unknown,121.0
2010,MASERATI,Unknown,382.0
2010,MAZDA,Unknown,22527.0
2010,MERCEDES BENZ,Unknown,30467.0
2010,MG-F,Unknown,8.0
2010,MINI,Unknown,1656.0
2010,MINI MAYFAIR,Unknown,5.0
2010,MITSUBISHI,Unknown,36412.0
2010,MITSUOKA,Unknown,38.0
2010,MORGAN,Unknown,8.0
2010,MORRIS,Unknown,98.0
2010,NAZA,Unknown,31.0
2010,NISSAN,Unknown,58442.0
2010,OPEL,Unknown,1794.0
2010,OTHERS 2,Unknown,70.0
2010,PANTHER,Unknown,7.0
2010,PERODUA,Unknown,2535.0
2010,PEUGEOT,Unknown,2739.0
2010,PORSCHE,Unknown,2250.0
2010,PROTON,Unknown,4467.0
2010,RENAULT,Unknown,2574.0
2010,ROLLS ROYCE,Unknown,172.0
2010,ROVER,Unknown,39.0
2010,SAAB,Unknown,1250.0
2010,SEAT,Unknown,14.0
2010,SKODA,Unknown,424.0
2010,SSANGYONG,Unknown,358.0
2010,SUBARU,Unknown,13929.0
2010,SUNBEAM,Unknown,8.0
2010,SUZUKI,Unknown,14863.0
2010,TD CARS,Unknown,7.0
2010,TOYOTA,Unknown,162125.0
2010,TRIUMPH,Unknown,33.0
2010,VOLKSWAGEN,Unknown,10123.0
2010,VOLVO,Unknown,6607.0
2010,WULING,Unknown,60.0
2010,ZOTYE,Unknown,52.0
2011,ALFA ROMEO,Unknown,925.0
2011,ASTON MARTIN,Unknown,158.0
2011,AUDI,Unknown,9641.0
2011,AUSTIN,Unknown,148.0
2011,B.M.W.,Unknown,30496.0
2011,BENTLEY,Unknown,324.0
2011,CHANA,Unknown,66.0
2011,CHERY,Unknown,1758.0
2011,CHEVROLET,Unknown,11202.0
2011,CHRYSLER,Unknown,657.0
2011,CITROEN,Unknown,1582.0
2011,DAEWOO,Unknown,47.0
2011,DAIHATSU,Unknown,2484.0
2011,DAIMLER,Unknown,20.0
2011,DATSUN,Unknown,10.0
2011,DODGE,Unknown,51.0
2011,DONGFENG,Unknown,103.0
2011,FERRARI,Unknown,449.0
2011,FIAT,Unknown,2354.0
2011,FORD,Unknown,3716.0
2011,FOTON,Unknown,5.0
2011,GEELY,Unknown,757.0
2011,GOLDEN DRAGON,Unknown,6.0
2011,HAFEI,Unknown,330.0
2011,HOLDEN,Unknown,7.0
2011,HONDA,Unknown,89969.0
2011,HUMMER,Unknown,23.0
2011,HYUNDAI,Unknown,44177.0
2011,INFINITI,Unknown,7.0
2011,ISUZU,Unknown,9.0
2011,JAGUAR,Unknown,2355.0
2011,JEEP,Unknown,146.0
2011,KIA,Unknown,22987.0
2011,LAMBORGHINI,Unknown,291.0
2011,LANCIA,Unknown,5.0
2011,LAND ROVER,Unknown,615.0
2011,LOTUS,Unknown,126.0
2011,M.G.,Unknown,120.0
2011,MASERATI,Unknown,469.0
2011,MAYBACH,Unknown,5.0
2011,MAZDA,Unknown,21990.0
2011,MERCEDES BENZ,Unknown,33057.0
2011,MG-F,Unknown,8.0
2011,MINI,Unknown,2010.0
2011,MINI MAYFAIR,Unknown,5.0
2011,MITSUBISHI,Unknown,35558.0
2011,MITSUOKA,Unknown,39.0
2011,MORGAN,Unknown,8.0
2011,MORRIS,Unknown,96.0
2011,NAZA,Unknown,31.0
2011,NISSAN,Unknown,56380.0
2011,OPEL,Unknown,1768.0
2011,OTHERS 2,Unknown,72.0
2011,PANTHER,Unknown,7.0
2011,PERODUA,Unknown,2529.0
2011,PEUGEOT,Unknown,3117.0
2011,PORSCHE,Unknown,2784.0
2011,PROTON,Unknown,4281.0
2011,RENAULT,Unknown,2702.0
2011,ROLLS ROYCE,Unknown,205.0
2011,ROVER,Unknown,34.0
2011,SAAB,Unknown,1213.0
2011,SEAT,Unknown,5.0
2011,SKODA,Unknown,478.0
2011,SSANGYONG,Unknown,369.0
2011,SUBARU,Unknown,13882.0
2011,SUNBEAM,Unknown,6.0
2011,SUZUKI,Unknown,14778.0
2011,TD CARS,Unknown,7.0
2011,TOYOTA,Unknown,159749.0
2011,TRIUMPH,Unknown,31.0
2011,VOLKSWAGEN,Unknown,13223.0
2011,VOLVO,Unknown,7148.0
2011,WULING,Unknown,59.0
2011,ZOTYE,Unknown,51.0
2012,ALFA ROMEO,Unknown,923.0
2012,ASTON MARTIN,Unknown,179.0
2012,AUDI,Unknown,11227.0
2012,AUSTIN,Unknown,147.0
2012,B.M.W.,Unknown,34817.0
2012,BENTLEY,Unknown,412.0
2012,CHANA,Unknown,66.0
2012,CHERY,Unknown,1724.0
2012,CHEVROLET,Unknown,11516.0
2012,CHRYSLER,Unknown,631.0
2012,CITROEN,Unknown,1914.0
2012,DAEWOO,Unknown,31.0
2012,DAIHATSU,Unknown,2475.0
2012,DAIMLER,Unknown,20.0
2012,DATSUN,Unknown,10.0
2012,DODGE,Unknown,50.0
2012,DONGFENG,Unknown,101.0
2012,FERRARI,Unknown,523.0
2012,FIAT,Unknown,2339.0
2012,FORD,Unknown,3831.0
2012,FOTON,Unknown,14.0
2012,GEELY,Unknown,742.0
2012,GOLDEN DRAGON,Unknown,6.0
2012,HAFEI,Unknown,323.0
2012,HOLDEN,Unknown,6.0
2012,HONDA,Unknown,89193.0
2012,HUMMER,Unknown,23.0
2012,HYUNDAI,Unknown,43953.0
2012,INFINITI,Unknown,79.0
2012,ISUZU,Unknown,9.0
2012,JAGUAR,Unknown,2629.0
2012,JEEP,Unknown,168.0
2012,KIA,Unknown,23247.0
2012,LAMBORGHINI,Unknown,329.0
2012,LANCIA,Unknown,6.0
2012,LAND ROVER,Unknown,975.0
2012,LOTUS,Unknown,130.0
2012,M.G.,Unknown,119.0
2012,MASERATI,Unknown,541.0
2012,MAYBACH,Unknown,5.0
2012,MAZDA,Unknown,21715.0
2012,MCLAREN,Unknown,33.0
2012,MERCEDES BENZ,Unknown,36131.0
2012,MG-F,Unknown,8.0
2012,MINI,Unknown,2272.0
2012,MINI MAYFAIR,Unknown,5.0
2012,MITSUBISHI,Unknown,34957.0
2012,MITSUOKA,Unknown,39.0
2012,MORGAN,Unknown,10.0
2012,MORRIS,Unknown,95.0
2012,NAZA,Unknown,31.0
2012,NISSAN,Unknown,55651.0
2012,OPEL,Unknown,1774.0
2012,OTHERS 2,Unknown,76.0
2012,PANTHER,Unknown,7.0
2012,PERODUA,Unknown,2513.0
2012,PEUGEOT,Unknown,3576.0
2012,PORSCHE,Unknown,3243.0
2012,PROTON,Unknown,4219.0
2012,RENAULT,Unknown,2692.0
2012,ROLLS ROYCE,Unknown,245.0
2012,ROVER,Unknown,26.0
2012,SAAB,Unknown,1137.0
2012,SKODA,Unknown,525.0
2012,SSANGYONG,Unknown,375.0
2012,SUBARU,Unknown,13771.0
2012,SUNBEAM,Unknown,6.0
2012,SUZUKI,Unknown,14754.0
2012,TD CARS,Unknown,7.0
2012,TOYOTA,Unknown,159889.0
2012,TRIUMPH,Unknown,31.0
2012,VOLKSWAGEN,Unknown,16698.0
2012,VOLVO,Unknown,7959.0
2012,WULING,Unknown,58.0
2012,ZOTYE,Unknown,50.0
2013,ALFA ROMEO,Unknown,880.0
2013,ASTON MARTIN,Unknown,196.0
2013,AUDI,Unknown,12882.0
2013,AUSTIN,Unknown,147.0
2013,B.M.W.,Unknown,37691.0
2013,BENTLEY,Unknown,524.0
2013,CHANA,Unknown,65.0
2013,CHERY,Unknown,1660.0
2013,CHEVROLET,Unknown,11581.0
2013,CHRYSLER,Unknown,588.0
2013,CITROEN,Unknown,2064.0
2013,DAIHATSU,Unknown,2441.0
2013,DAIMLER,Unknown,20.0
2013,DATSUN,Unknown,10.0
2013,DODGE,Unknown,50.0
2013,DONGFENG,Unknown,100.0
2013,FERRARI,Unknown,582.0
2013,FIAT,Unknown,2302.0
2013,FORD,Unknown,3802.0
2013,FOTON,Unknown,14.0
2013,GEELY,Unknown,723.0
2013,GOLDEN DRAGON,Unknown,6.0
2013,HAFEI,Unknown,317.0
2013,HOLDEN,Unknown,5.0
2013,HONDA,Unknown,87747.0
2013,HUMMER,Unknown,23.0
2013,HYUNDAI,Unknown,42643.0
2013,INFINITI,Unknown,112.0
2013,ISUZU,Unknown,7.0
2013,JAGUAR,Unknown,2977.0
2013,JEEP,Unknown,180.0
2013,KIA,Unknown,23080.0
2013,LAMBORGHINI,Unknown,334.0
2013,LANCIA,Unknown,6.0
2013,LAND ROVER,Unknown,1330.0
2013,LOTUS,Unknown,129.0
2013,M.G.,Unknown,119.0
2013,MASERATI,Unknown,584.0
2013,MAZDA,Unknown,21542.0
2013,MCLAREN,Unknown,58.0
2013,MERCEDES BENZ,Unknown,38554.0
2013,MG-F,Unknown,7.0
2013,MINI,Unknown,2400.0
2013,MINI MAYFAIR,Unknown,5.0
2013,MITSUBISHI,Unknown,34117.0
2013,MITSUOKA,Unknown,39.0
2013,MORGAN,Unknown,10.0
2013,MORRIS,Unknown,95.0
2013,NAZA,Unknown,31.0
2013,NISSAN,Unknown,54360.0
2013,OPEL,Unknown,1791.0
2013,OTHERS 2,Unknown,82.0
2013,PANTHER,Unknown,7.0
2013,PERODUA,Unknown,2484.0
2013,PEUGEOT,Unknown,3769.0
2013,PORSCHE,Unknown,3539.0
2013,PROTON,Unknown,4070.0
2013,RENAULT,Unknown,2656.0
2013,ROLLS ROYCE,Unknown,299.0
2013,ROVER,Unknown,22.0
2013,SAAB,Unknown,1053.0
2013,SKODA,Unknown,519.0
2013,SSANGYONG,Unknown,376.0
2013,SUBARU,Unknown,13609.0
2013,SUNBEAM,Unknown,6.0
2013,SUZUKI,Unknown,14566.0
2013,TD CARS,Unknown,7.0
2013,TOYOTA,Unknown,157589.0
2013,TRIUMPH,Unknown,32.0
2013,VOLKSWAGEN,Unknown,19466.0
2013,VOLVO,Unknown,8499.0
2013,WULING,Unknown,58.0
2013,ZOTYE,Unknown,50.0
2014,ALFA ROMEO,Unknown,853.0
2014,ALPINA,Unknown,10.0
2014,ASTON MARTIN,Unknown,195.0
2014,AUDI,Unknown,14204.0
2014,AUSTIN,Unknown,148.0
2014,B.M.W.,Unknown,39518.0
2014,BENTLEY,Unknown,578.0
2014,CHANA,Unknown,65.0
2014,CHERY,Unknown,1615.0
2014,CHEVROLET,Unknown,11337.0
2014,CHRYSLER,Unknown,556.0
2014,CITROEN,Unknown,2314.0
2014,DAIHATSU,Unknown,2402.0
2014,DAIMLER,Unknown,20.0
2014,DATSUN,Unknown,8.0
2014,DODGE,Unknown,50.0
2014,DONGFENG,Unknown,97.0
2014,FERRARI,Unknown,599.0
2014,FIAT,Unknown,2253.0
2014,FORD,Unknown,3719.0
2014,FOTON,Unknown,14.0
2014,GEELY,Unknown,698.0
2014,GOLDEN DRAGON,Unknown,6.0
2014,HAFEI,Unknown,308.0
2014,HOLDEN,Unknown,6.0
2014,HONDA,Unknown,85636.0
2014,HUMMER,Unknown,23.0
2014,HYUNDAI,Unknown,39626.0
2014,INFINITI,Unknown,202.0
2014,JAGUAR,Unknown,3095.0
2014,JEEP,Unknown,195.0
2014,KIA,Unknown,22749.0
2014,LAMBORGHINI,Unknown,315.0
2014,LANCIA,Unknown,6.0
2014,LAND ROVER,Unknown,1610.0
2014,LOTUS,Unknown,127.0
2014,M.G.,Unknown,119.0
2014,MASERATI,Unknown,609.0
2014,MAZDA,Unknown,21949.0
2014,MCLAREN,Unknown,68.0
2014,MERCEDES BENZ,Unknown,41525.0
2014,MG-F,Unknown,6.0
2014,MINI,Unknown,2502.0
2014,MINI MAYFAIR,Unknown,5.0
2014,MITSUBISHI,Unknown,32440.0
2014,MITSUOKA,Unknown,41.0
2014,MORGAN,Unknown,12.0
2014,MORRIS,Unknown,93.0
2014,NAZA,Unknown,31.0
2014,NISSAN,Unknown,52273.0
2014,OPEL,Unknown,1736.0
2014,OTHERS 2,Unknown,70.0
2014,PANTHER,Unknown,7.0
2014,PERODUA,Unknown,2387.0
2014,PEUGEOT,Unknown,3824.0
2014,PORSCHE,Unknown,3857.0
2014,PROTON,Unknown,3733.0
2014,RENAULT,Unknown,2564.0
2014,ROLLS ROYCE,Unknown,315.0
2014,ROVER,Unknown,19.0
2014,SAAB,Unknown,897.0
2014,SINGER,Unknown,5.0
2014,SKODA,Unknown,499.0
2014,SSANGYONG,Unknown,377.0
2014,SUBARU,Unknown,13670.0
2014,SUNBEAM,Unknown,6.0
2014,SUZUKI,Unknown,14214.0
2014,TD CARS,Unknown,7.0
2014,TOYOTA,Unknown,153163.0
2014,TRIUMPH,Unknown,34.0
2014,VOLKSWAGEN,Unknown,21801.0
2014,VOLVO,Unknown,8901.0
2014,WULING,Unknown,57.0
2014,ZOTYE,Unknown,50.0
2015,ALFA ROMEO,Unknown,805.0
2015,ALPINA,Unknown,19.0
2015,ASTON MARTIN,Unknown,192.0
2015,AUDI,Unknown,15874.0
2015,AUSTIN,Unknown,149.0
2015,B.M.W.,Unknown,40521.0
2015,BENTLEY,Unknown,625.0
2015,CHANA,Unknown,64.0
2015,CHERY,Unknown,1553.0
2015,CHEVROLET,Unknown,10391.0
2015,CHRYSLER,Unknown,477.0
2015,CITROEN,Unknown,2962.0
2015,DAIHATSU,Unknown,2268.0
2015,DAIMLER,Unknown,21.0
2015,DATSUN,Unknown,7.0
2015,DODGE,Unknown,50.0
2015,DONGFENG,Unknown,96.0
2015,FERRARI,Unknown,621.0
2015,FIAT,Unknown,2074.0
2015,FORD,Unknown,3348.0
2015,FOTON,Unknown,10.0
2015,GEELY,Unknown,668.0
2015,GOLDEN DRAGON,Unknown,6.0
2015,HAFEI,Unknown,301.0
2015,HONDA,Unknown,85669.0
2015,HUMMER,Unknown,23.0
2015,HYUNDAI,Unknown,33859.0
2015,INFINITI,Unknown,424.0
2015,JAGUAR,Unknown,3285.0
2015,JEEP,Unknown,218.0
2015,KIA,Unknown,20614.0
2015,LAMBORGHINI,Unknown,297.0
2015,LANCIA,Unknown,6.0
2015,LAND ROVER,Unknown,1931.0
2015,LOTUS,Unknown,123.0
2015,M.G.,Unknown,120.0
2015,MASERATI,Unknown,662.0
2015,MAZDA,Unknown,24028.0
2015,MCLAREN,Unknown,70.0
2015,MERCEDES BENZ,Unknown,44800.0
2015,MG-F,Unknown,5.0
2015,MINI,Unknown,2672.0
2015,MINI MAYFAIR,Unknown,5.0
2015,MITSUBISHI,Unknown,29549.0
2015,MITSUOKA,Unknown,44.0
2015,MORGAN,Unknown,11.0
2015,MORRIS,Unknown,94.0
2015,NAZA,Unknown,31.0
2015,NISSAN,Unknown,47161.0
2015,OPEL,Unknown,1496.0
2015,OTHERS 2,Unknown,76.0
2015,PANTHER,Unknown,7.0
2015,PERODUA,Unknown,2021.0
2015,PEUGEOT,Unknown,3994.0
2015,PORSCHE,Unknown,4368.0
2015,PROTON,Unknown,3033.0
2015,RENAULT,Unknown,2507.0
2015,ROLLS ROYCE,Unknown,330.0
2015,ROVER,Unknown,15.0
2015,SAAB,Unknown,726.0
2015,SINGER,Unknown,5.0
2015,SKODA,Unknown,456.0
2015,SSANGYONG,Unknown,437.0
2015,SUBARU,Unknown,14217.0
2015,SUNBEAM,Unknown,6.0
2015,SUZUKI,Unknown,13339.0
2015,TD CARS,Unknown,7.0
2015,TOYOTA,Unknown,145054.0
2015,TRIUMPH,Unknown,34.0
2015,VOLKSWAGEN,Unknown,24319.0
2015,VOLVO,Unknown,9368.0
2015,WULING,Unknown,54.0
2015,ZOTYE,Unknown,50.0
2016,ALFA ROMEO,Unknown,739.0
2016,ALPINA,Unknown,31.0
2016,ASTON MARTIN,Unknown,184.0
2016,AUDI,Unknown,17535.0
2016,AUSTIN,Unknown,148.0
2016,B.M.W.,Unknown,41631.0
2016,BENTLEY,Unknown,652.0
2016,BYD,Unknown,7.0
2016,CHANA,Unknown,60.0
2016,CHERY,Unknown,1229.0
2016,CHEVROLET,Unknown,8677.0
2016,CHRYSLER,Unknown,337.0
2016,CITROEN,Unknown,3672.0
2016,DAIHATSU,Unknown,1954.0
2016,DAIMLER,Unknown,22.0
2016,DATSUN,Unknown,7.0
2016,DODGE,Unknown,39.0
2016,DONGFENG,Unknown,88.0
2016,FERRARI,Unknown,619.0
2016,FIAT,Unknown,1644.0
2016,FORD,Unknown,3056.0
2016,FOTON,Unknown,8.0
2016,GEELY,Unknown,528.0
2016,HAFEI,Unknown,261.0
2016,HONDA,Unknown,93680.0
2016,HUMMER,Unknown,23.0
2016,HYUNDAI,Unknown,28416.0
2016,INFINITI,Unknown,748.0
2016,JAGUAR,Unknown,3623.0
2016,JEEP,Unknown,211.0
2016,KIA,Unknown,18997.0
2016,LAMBORGHINI,Unknown,267.0
2016,LANCIA,Unknown,6.0
2016,LAND ROVER,Unknown,2280.0
2016,LOTUS,Unknown,116.0
2016,M.G.,Unknown,125.0
2016,MASERATI,Unknown,697.0
2016,MAZDA,Unknown,27210.0
2016,MCLAREN,Unknown,75.0
2016,MERCEDES BENZ,Unknown,48469.0
2016,MINI,Unknown,2882.0
2016,MINI MAYFAIR,Unknown,5.0
2016,MITSUBISHI,Unknown,26775.0
2016,MITSUOKA,Unknown,40.0
2016,MORGAN,Unknown,11.0
2016,MORRIS,Unknown,94.0
2016,NAZA,Unknown,30.0
2016,NISSAN,Unknown,42613.0
2016,OPEL,Unknown,1365.0
2016,PANTHER,Unknown,7.0
2016,PERODUA,Unknown,1633.0
2016,PEUGEOT,Unknown,4078.0
2016,PORSCHE,Unknown,4832.0
2016,PROTON,Unknown,2018.0
2016,RENAULT,Unknown,2485.0
2016,ROLLS ROYCE,Unknown,349.0
2016,ROVER,Unknown,14.0
2016,SAAB,Unknown,493.0
2016,SEAT,Unknown,16.0
2016,SINGER,Unknown,5.0
2016,SKODA,Unknown,407.0
2016,SSANGYONG,Unknown,662.0
2016,SUBARU,Unknown,15063.0
2016,SUNBEAM,Unknown,6.0
2016,SUZUKI,Unknown,11693.0
2016,TD CARS,Unknown,6.0
2016,TOYOTA,Unknown,141463.0
2016,TRIUMPH,Unknown,35.0
2016,VOLKSWAGEN,Unknown,26470.0
2016,VOLVO,Unknown,9961.0
2016,WULING,Unknown,52.0
2016,ZOTYE,Unknown,48.0
2016,OTHERS,Unknown,81.0
2017,ALFA ROMEO,Unknown,608.0
2017,ALPINA,Unknown,54.0
2017,ASTON MARTIN,Unknown,196.0
2017,AUDI,Unknown,19007.0
2017,AUSTIN,Unknown,148.0
2017,B.M.W.,Unknown,43535.0
2017,BENTLEY,Unknown,694.0
2017,BLUECAR,Unknown,235.0
2017,BYD,Unknown,70.0
2017,CHANA,Unknown,46.0
2017,CHERY,Unknown,813.0
2017,CHEVROLET,Unknown,7197.0
2017,CHRYSLER,Unknown,220.0
2017,CITROEN,Unknown,4068.0
2017,DAIHATSU,Unknown,1464.0
2017,DAIMLER,Unknown,20.0
2017,DATSUN,Unknown,9.0
2017,DODGE,Unknown,11.0
2017,DONGFENG,Unknown,60.0
2017,FERRARI,Unknown,625.0
2017,FIAT,Unknown,1084.0
2017,FORD,Unknown,3089.0
2017,FOTON,Unknown,6.0
2017,GEELY,Unknown,177.0
2017,HAFEI,Unknown,127.0
2017,HONDA,Unknown,94942.0
2017,HUMMER,Unknown,23.0
2017,HYUNDAI,Unknown,27711.0
2017,INFINITI,Unknown,1038.0
2017,JAGUAR,Unknown,3901.0
2017,JEEP,Unknown,231.0
2017,KIA,Unknown,20683.0
2017,LAMBORGHINI,Unknown,272.0
2017,LANCIA,Unknown,8.0
2017,LAND ROVER,Unknown,2717.0
2017,LOTUS,Unknown,115.0
2017,M.G.,Unknown,124.0
2017,MASERATI,Unknown,778.0
2017,MAZDA,Unknown,31969.0
2017,MCLAREN,Unknown,82.0
2017,MERCEDES BENZ,Unknown,53136.0
2017,MINI,Unknown,3088.0
2017,MINI MAYFAIR,Unknown,5.0
2017,MITSUBISHI,Unknown,23986.0
2017,MITSUOKA,Unknown,37.0
2017,MORGAN,Unknown,11.0
2017,MORRIS,Unknown,94.0
2017,NAZA,Unknown,22.0
2017,NISSAN,Unknown,40045.0
2017,OPEL,Unknown,2022.0
2017,PANTHER,Unknown,7.0
2017,PERODUA,Unknown,1275.0
2017,PEUGEOT,Unknown,4210.0
2017,PORSCHE,Unknown,5339.0
2017,PROTON,Unknown,1416.0
2017,RENAULT,Unknown,2842.0
2017,ROLLS ROYCE,Unknown,371.0
2017,ROVER,Unknown,14.0
2017,SAAB,Unknown,302.0
2017,SEAT,Unknown,215.0
2017,SINGER,Unknown,5.0
2017,SKODA,Unknown,351.0
2017,SSANGYONG,Unknown,962.0
2017,SUBARU,Unknown,15313.0
2017,SUNBEAM,Unknown,6.0
2017,SUZUKI,Unknown,9095.0
2017,TD CARS,Unknown,6.0
2017,TOYOTA,Unknown,144071.0
2017,TRIUMPH,Unknown,38.0
2017,VOLKSWAGEN,Unknown,27644.0
2017,VOLVO,Unknown,10539.0
2017,WULING,Unknown,41.0
2017,ZOTYE,Unknown,43.0
2017,OTHERS,Unknown,81.0
2018,ALFA ROMEO,Unknown,535.0
2018,ALPINA,Unknown,62.0
2018,ASTON MARTIN,Unknown,213.0
2018,AUDI,Unknown,20205.0
2018,AUSTIN,Unknown,147.0
2018,B.M.W.,Unknown,44517.0
2018,BENTLEY,Unknown,724.0
2018,BLUECAR,Unknown,415.0
2018,BYD,Unknown,102.0
2018,CHANA,Unknown,11.0
2018,CHERY,Unknown,341.0
2018,CHEVROLET,Unknown,5562.0
2018,CHRYSLER,Unknown,141.0
2018,CITROEN,Unknown,3776.0
2018,DAIHATSU,Unknown,1046.0
2018,DAIMLER,Unknown,20.0
2018,DATSUN,Unknown,15.0
2018,DONGFENG,Unknown,27.0
2018,FERRARI,Unknown,643.0
2018,FIAT,Unknown,701.0
2018,FORD,Unknown,2731.0
2018,GEELY,Unknown,55.0
2018,HAFEI,Unknown,26.0
2018,HONDA,Unknown,96201.0
2018,HUMMER,Unknown,23.0
2018,HYUNDAI,Unknown,30445.0
2018,INFINITI,Unknown,1228.0
2018,JAGUAR,Unknown,3817.0
2018,JEEP,Unknown,248.0
2018,KIA,Unknown,22138.0
2018,LAMBORGHINI,Unknown,295.0
2018,LANCIA,Unknown,8.0
2018,LAND ROVER,Unknown,2808.0
2018,LOTUS,Unknown,114.0
2018,M.G.,Unknown,124.0
2018,MASERATI,Unknown,865.0
2018,MAXUS,Unknown,12.0
2018,MAZDA,Unknown,34024.0
2018,MCLAREN,Unknown,101.0
2018,MERCEDES BENZ,Unknown,56726.0
2018,MINI,Unknown,3421.0
2018,MINI MAYFAIR,Unknown,5.0
2018,MITSUBISHI,Unknown,20973.0
2018,MITSUOKA,Unknown,36.0
2018,MORGAN,Unknown,11.0
2018,MORRIS,Unknown,93.0
2018,NAZA,Unknown,5.0
2018,NISSAN,Unknown,37620.0
2018,OPEL,Unknown,2005.0
2018,PANTHER,Unknown,7.0
2018,PERODUA,Unknown,943.0
2018,PEUGEOT,Unknown,4132.0
2018,PORSCHE,Unknown,5816.0
2018,PROTON,Unknown,1023.0
2018,RENAULT,Unknown,3163.0
2018,ROLLS ROYCE,Unknown,400.0
2018,ROVER,Unknown,14.0
2018,SAAB,Unknown,198.0
2018,SEAT,Unknown,430.0
2018,SINGER,Unknown,5.0
2018,SKODA,Unknown,717.0
2018,SMART,Unknown,8.0
2018,SSANGYONG,Unknown,880.0
2018,SUBARU,Unknown,15730.0
2018,SUNBEAM,Unknown,5.0
2018,SUZUKI,Unknown,7052.0
2018,TD CARS,Unknown,6.0
2018,TESLA,Unknown,7.0
2018,TOYOTA,Unknown,144077.0
2018,TRIUMPH,Unknown,40.0
2018,VOLKSWAGEN,Unknown,27187.0
2018,VOLVO,Unknown,10742.0
2018,WULING,Unknown,8.0
2018,ZOTYE,Unknown,26.0
2018,OTHERS,Unknown,78.0
2019,ALFA ROMEO,Unknown,456.0
2019,ALPINA,Unknown,64.0
2019,ALPINE,Unknown,15.0
2019,ASTON MARTIN,Unknown,218.0
2019,AUDI,Unknown,20298.0
2019,AUSTIN,Unknown,149.0
2019,B.M.W.,Unknown,44720.0
2019,BENTLEY,Unknown,772.0
2019,BLUECAR,Unknown,678.0
2019,BYD,Unknown,109.0
2019,CHERY,Unknown,116.0
2019,CHEVROLET,Unknown,3793.0
2019,CHRYSLER,Unknown,95.0
2019,CITROEN,Unknown,3496.0
2019,DAIHATSU,Unknown,926.0
2019,DAIMLER,Unknown,20.0
2019,DATSUN,Unknown,17.0
2019,DONGFENG,Unknown,9.0
2019,FERRARI,Unknown,678.0
2019,FIAT,Unknown,366.0
2019,FORD,Unknown,2096.0
2019,GEELY,Unknown,13.0
2019,HAFEI,Unknown,9.0
2019,HONDA,Unknown,106086.0
2019,HUMMER,Unknown,23.0
2019,HYUNDAI,Unknown,32269.0
2019,INFINITI,Unknown,1333.0
2019,JAGUAR,Unknown,3607.0
2019,JEEP,Unknown,286.0
2019,KIA,Unknown,23290.0
2019,LAMBORGHINI,Unknown,346.0
2019,LANCIA,Unknown,8.0
2019,LAND ROVER,Unknown,2803.0
2019,LOTUS,Unknown,114.0
2019,M.G.,Unknown,126.0
2019,MASERATI,Unknown,939.0
2019,MAXUS,Unknown,27.0
2019,MAZDA,Unknown,34646.0
2019,MCLAREN,Unknown,122.0
2019,MERCEDES BENZ,Unknown,61048.0
2019,MINI,Unknown,3758.0
2019,MINI MAYFAIR,Unknown,5.0
2019,MITSUBISHI,Unknown,21415.0
2019,MITSUOKA,Unknown,36.0
2019,MORGAN,Unknown,11.0
2019,MORRIS,Unknown,95.0
2019,NISSAN,Unknown,34599.0
2019,OPEL,Unknown,2380.0
2019,PANTHER,Unknown,7.0
2019,PERODUA,Unknown,835.0
2019,PEUGEOT,Unknown,3603.0
2019,PORSCHE,Unknown,6338.0
2019,PROTON,Unknown,761.0
2019,RENAULT,Unknown,3559.0
2019,ROLLS ROYCE,Unknown,441.0
2019,ROVER,Unknown,13.0
2019,RUF,Unknown,5.0
2019,SAAB,Unknown,137.0
2019,SEAT,Unknown,757.0
2019,SINGER,Unknown,5.0
2019,SKODA,Unknown,1446.0
2019,SMART,Unknown,9.0
2019,SSANGYONG,Unknown,865.0
2019,SUBARU,Unknown,15328.0
2019,SUNBEAM,Unknown,5.0
2019,SUZUKI,Unknown,6538.0
2019,TD CARS,Unknown,6.0
2019,TESLA,Unknown,21.0
2019,TOYOTA,Unknown,148316.0
2019,TRIUMPH,Unknown,40.0
2019,VOLKSWAGEN,Unknown,24936.0
2019,VOLVO,Unknown,10149.0
2019,ZOTYE,Unknown,5.0
2019,OTHERS,Unknown,71.0
2020,ALFA ROMEO,Unknown,444.0
2020,ALPINA,Unknown,69.0
2020,ALPINE,Unknown,22.0
2020,ASTON MARTIN,Unknown,238.0
2020,AUDI,Unknown,20554.0
2020,AUSTIN,Unknown,150.0
2020,B.M.W.,Unknown,45269.0
2020,BENTLEY,Unknown,832.0
2020,BLUECAR,Unknown,677.0
2020,BYD,Unknown,111.0
2020,CHERY,Unknown,57.0
2020,CHEVROLET,Unknown,2822.0
2020,CHRYSLER,Unknown,63.0
2020,CITROEN,Unknown,3348.0
2020,DAIHATSU,Unknown,831.0
2020,DAIMLER,Unknown,21.0
2020,DATSUN,Unknown,21.0
2020,DONGFENG,Unknown,6.0
2020,FERRARI,Unknown,717.0
2020,FIAT,Unknown,218.0
2020,FORD,Unknown,1722.0
2020,GEELY,Unknown,6.0
2020,HAFEI,Unknown,5.0
2020,HONDA,Unknown,108531.0
2020,HUMMER,Unknown,23.0
2020,HYUNDAI,Unknown,32382.0
2020,INFINITI,Unknown,1389.0
2020,JAGUAR,Unknown,3352.0
2020,JEEP,Unknown,310.0
2020,KIA,Unknown,23576.0
2020,LAMBORGHINI,Unknown,385.0
2020,LANCIA,Unknown,8.0
2020,LAND ROVER,Unknown,2862.0
2020,LOTUS,Unknown,118.0
2020,M.G.,Unknown,470.0
2020,MASERATI,Unknown,1025.0
2020,MAXUS,Unknown,34.0
2020,MAZDA,Unknown,34965.0
2020,MCLAREN,Unknown,137.0
2020,MERCEDES BENZ,Unknown,64886.0
2020,MINI,Unknown,4040.0
2020,MINI MAYFAIR,Unknown,5.0
2020,MITSUBISHI,Unknown,21294.0
2020,MITSUOKA,Unknown,38.0
2020,MORGAN,Unknown,11.0
2020,MORRIS,Unknown,95.0
2020,NISSAN,Unknown,32885.0
2020,OPEL,Unknown,2504.0
2020,PANTHER,Unknown,7.0
2020,PERODUA,Unknown,794.0
2020,PEUGEOT,Unknown,3429.0
2020,PORSCHE,Unknown,6851.0
2020,PROTON,Unknown,639.0
2020,RENAULT,Unknown,3603.0
2020,ROLLS ROYCE,Unknown,491.0
2020,ROVER,Unknown,13.0
2020,RUF,Unknown,5.0
2020,SAAB,Unknown,112.0
2020,SEAT,Unknown,1002.0
2020,SINGER,Unknown,5.0
2020,SKODA,Unknown,2053.0
2020,SMART,Unknown,9.0
2020,SSANGYONG,Unknown,1073.0
2020,SUBARU,Unknown,15206.0
2020,SUNBEAM,Unknown,5.0
2020,SUZUKI,Unknown,6333.0
2020,TD CARS,Unknown,6.0
2020,TESLA,Unknown,41.0
2020,TOYOTA,Unknown,148293.0
2020,TRIUMPH,Unknown,41.0
2020,VOLKSWAGEN,Unknown,22832.0
2020,VOLVO,Unknown,9733.0
2020,ZOTYE,Unknown,5.0
2020,OTHERS,Unknown,71.0
2021,ALFA ROMEO,Unknown,446.0
2021,ALPINA,Unknown,71.0
2021,ALPINE,Unknown,33.0
2021,ASTON MARTIN,Unknown,263.0
2021,AUDI,Unknown,21396.0
2021,AUSTIN,Unknown,151.0
2021,B.M.W.,Unknown,47690.0
2021,BENTLEY,Unknown,916.0
2021,BLUECAR,Unknown,693.0
2021,BYD,Unknown,200.0
2021,CHERY,Unknown,42.0
2021,CHEVROLET,Unknown,2247.0
2021,CHRYSLER,Unknown,51.0
2021,CITROEN,Unknown,3390.0
2021,DAIHATSU,Unknown,721.0
2021,DAIMLER,Unknown,20.0
2021,DATSUN,Unknown,24.0
2021,DONGFENG,Unknown,6.0
2021,FERRARI,Unknown,779.0
2021,FIAT,Unknown,183.0
2021,FORD,Unknown,1504.0
2021,GEELY,Unknown,6.0
2021,HAFEI,Unknown,5.0
2021,HONDA,Unknown,109692.0
2021,HUMMER,Unknown,23.0
2021,HYUNDAI,Unknown,33670.0
2021,INFINITI,Unknown,1365.0
2021,JAGUAR,Unknown,3303.0
2021,JEEP,Unknown,357.0
2021,KIA,Unknown,24138.0
2021,LAMBORGHINI,Unknown,430.0
2021,LANCIA,Unknown,8.0
2021,LAND ROVER,Unknown,2906.0
2021,LOTUS,Unknown,124.0
2021,M.G.,Unknown,993.0
2021,MASERATI,Unknown,1113.0
2021,MAXUS,Unknown,50.0
2021,MAZDA,Unknown,36407.0
2021,MCLAREN,Unknown,161.0
2021,MERCEDES BENZ,Unknown,69018.0
2021,MINI,Unknown,4441.0
2021,MINI MAYFAIR,Unknown,5.0
2021,MITSUBISHI,Unknown,20752.0
2021,MITSUOKA,Unknown,44.0
2021,MORGAN,Unknown,15.0
2021,MORRIS,Unknown,93.0
2021,NISSAN,Unknown,32275.0
2021,OPEL,Unknown,2787.0
2021,PANTHER,Unknown,7.0
2021,PERODUA,Unknown,754.0
2021,PEUGEOT,Unknown,3513.0
2021,POLESTAR,Unknown,10.0
2021,PORSCHE,Unknown,7492.0
2021,PROTON,Unknown,556.0
2021,RENAULT,Unknown,3577.0
2021,ROLLS ROYCE,Unknown,579.0
2021,ROVER,Unknown,13.0
2021,RUF,Unknown,5.0
2021,SAAB,Unknown,88.0
2021,SEAT,Unknown,1205.0
2021,SINGER,Unknown,5.0
2021,SKODA,Unknown,2496.0
2021,SMART,Unknown,8.0
2021,SSANGYONG,Unknown,1202.0
2021,SUBARU,Unknown,15131.0
2021,SUNBEAM,Unknown,5.0
2021,SUZUKI,Unknown,6143.0
2021,TD CARS,Unknown,6.0
2021,TESLA,Unknown,965.0
2021,TOYOTA,Unknown,147170.0
2021,TRIUMPH,Unknown,41.0
2021,VOLKSWAGEN,Unknown,21819.0
2021,VOLVO,Unknown,9488.0
2021,ZOTYE,Unknown,5.0
2021,OTHERS,Unknown,69.0
2022,ALFA ROMEO,Petrol,457.0
2022,ALPINA,Petrol,51.0
2022,ALPINA,Diesel,20.0
2022,ALPINE,Petrol,42.0
2022,ALVIS,Petrol,2.0
2022,ARMSTRONG SIDDELEY,Petrol,1.0
2022,ASTON MARTIN,Petrol,278.0
2022,AUDI,Petrol,19123.0
2022,AUDI,Diesel,17.0
2022,AUDI,Petrol-Electric,2398.0
2022,AUDI,Petrol-Electric (Plug-In),14.0
2022,AUDI,Electric,163.0
2022,AUDI,Diesel-Electric,4.0
2022,AUSTIN,Petrol,154.0
2022,AUSTIN,Diesel,1.0
2022,B.M.A.,Petrol,1.0
2022,B.M.W.,Petrol,42246.0
2022,B.M.W.,Diesel,4636.0
2022,B.M.W.,Petrol-Electric,1502.0
2022,B.M.W.,Petrol-Electric (Plug-In),511.0
2022,B.M.W.,Electric,636.0
2022,B.S.A.,Petrol,1.0
2022,BENTLEY,Petrol,971.0
2022,BENTLEY,Diesel,19.0
2022,BENTLEY,Petrol-Electric (Plug-In),2.0
2022,BERTONE,Petrol,1.0
2022,BINZ,Petrol,1.0
2022,BLUECAR,Electric,791.0
2022,BUICK,Petrol,3.0
2022,BYD,Electric,984.0
2022,CADILLAC,Petrol,3.0
2022,CATERHAM,Petrol,1.0
2022,CHALMERS,Petrol,1.0
2022,CHERY,Petrol,38.0
2022,CHEVROLET,Petrol,2060.0
2022,CHRYSLER,Petrol,37.0
2022,CHRYSLER,Diesel,11.0
2022,CITROEN,Petrol,1899.0
2022,CITROEN,Diesel,1772.0
2022,CITROEN,Diesel-Electric,3.0
2022,DAIHATSU,Petrol,569.0
2022,DAIMLER,Petrol,20.0
2022,DATSUN,Petrol,32.0
2022,DE-LOREAN,Petrol,1.0
2022,DODGE,Petrol,1.0
2022,DONGFENG,Petrol,5.0
2022,ESSEX,Petrol,1.0
2022,FERRARI,Petrol,849.0
2022,FERRARI,Petrol-Electric (Plug-In),22.0
2022,FIAT,Petrol,167.0
2022,FIAT,Diesel,3.0
2022,FIAT,Electric,1.0
2022,FORD,Petrol,1339.0
2022,FORD,Diesel,74.0
2022,FORD,Electric,1.0
2022,FRAZER,Petrol,2.0
2022,GEELY,Petrol,6.0
2022,HAFEI,Petrol,2.0
2022,HILLMAN,Petrol,3.0
2022,HOLDEN,Petrol,1.0
2022,HONDA,Petrol,92585.0
2022,HONDA,Petrol-Electric,15897.0
2022,HONDA,Petrol-CNG,16.0
2022,HONDA,Electric,31.0
2022,HUMMER,Petrol,23.0
2022,HYUNDAI,Petrol,32414.0
2022,HYUNDAI,Diesel,105.0
2022,HYUNDAI,Petrol-Electric,1443.0
2022,HYUNDAI,Petrol-CNG,4.0
2022,HYUNDAI,Electric,497.0
2022,INFINITI,Petrol,1139.0
2022,INFINITI,Diesel,202.0
2022,INFINITI,Petrol-Electric,2.0
2022,INTERNATIONAL,Petrol,1.0
2022,JAGUAR,Petrol,2512.0
2022,JAGUAR,Diesel,580.0
2022,JAGUAR,Petrol-Electric,99.0
2022,JAGUAR,Electric,41.0
2022,JEEP,Petrol,358.0
2022,JEEP,Diesel,8.0
2022,JEEP,Petrol-Electric (Plug-In),1.0
2022,JENSEN,Petrol,1.0
2022,KIA,Petrol,20436.0
2022,KIA,Diesel,2469.0
2022,KIA,Petrol-Electric,1594.0
2022,KIA,Petrol-CNG,1.0
2022,KIA,Electric,18.0
2022,KOENIGSEGG,Petrol,3.0
2022,LAGONDA,Petrol,2.0
2022,LAMBORGHINI,Petrol,454.0
2022,LANCIA,Petrol,8.0
2022,LAND ROVER,Petrol,1690.0
2022,LAND ROVER,Diesel,606.0
2022,LAND ROVER,Petrol-Electric,641.0
2022,LAND ROVER,Petrol-Electric (Plug-In),10.0
2022,LAND ROVER,Diesel-Electric,2.0
2022,LEA - FRANCIS,Petrol,1.0
2022,LEYLAND,Petrol,3.0
2022,LINCOLN,Petrol,1.0
2022,LOTUS,Petrol,126.0
2022,M.G.,Petrol,869.0
2022,M.G.,Petrol-Electric (Plug-In),2.0
2022,M.G.,Electric,391.0
2022,MARCOS,Petrol,1.0
2022,MASERATI,Petrol,1062.0
2022,MASERATI,Diesel,68.0
2022,MASERATI,Petrol-Electric,30.0
2022,MAXUS,Petrol,50.0
2022,MAXWELL,Petrol,1.0
2022,MAYBACH,Petrol,3.0
2022,MAZDA,Petrol,33482.0
2022,MAZDA,Diesel,76.0
2022,MAZDA,Petrol-Electric,3417.0
2022,MAZDA,Electric,4.0
2022,MCLAREN,Petrol,179.0
2022,MCLAREN,Petrol-Electric (Plug-In),1.0
2022,MERCEDES BENZ,Petrol,65956.0
2022,MERCEDES BENZ,Diesel,1065.0
2022,MERCEDES BENZ,Petrol-Electric,4527.0
2022,MERCEDES BENZ,Petrol-Electric (Plug-In),408.0
2022,MERCEDES BENZ,Petrol-CNG,79.0
2022,MERCEDES BENZ,Electric,345.0
2022,MERCEDES BENZ,Diesel-Electric,10.0
2022,MERCEDES BENZ,Diesel-Electric (Plug-In),1.0
2022,MERCURY,Petrol,2.0
2022,MG-F,Petrol,1.0
2022,MINI,Petrol,4512.0
2022,MINI,Diesel,24.0
2022,MINI,Electric,78.0
2022,MINI MAYFAIR,Petrol,5.0
2022,MINI MOTOR,Petrol,1.0
2022,MITSUBISHI,Petrol,19722.0
2022,MITSUBISHI,Petrol-Electric (Plug-In),4.0
2022,MITSUOKA,Petrol,44.0
2022,MORGAN,Petrol,23.0
2022,MORRIS,Petrol,95.0
2022,NISSAN,Petrol,28376.0
2022,NISSAN,Diesel,32.0
2022,NISSAN,Petrol-Electric,3395.0
2022,NISSAN,Electric,47.0
2022,NOBLE,Petrol,1.0
2022,OPEL,Petrol,2306.0
2022,OPEL,Diesel,503.0
2022,OPEL,Electric,73.0
2022,PAGANI,Petrol,4.0
2022,PANTHER,Petrol,7.0
2022,PERODUA,Petrol,709.0
2022,PEUGEOT,Petrol,3067.0
2022,PEUGEOT,Diesel,618.0
2022,PEUGEOT,Electric,35.0
2022,POLESTAR,Electric,168.0
2022,PONTIAC,Petrol,2.0
2022,PORSCHE,Petrol,7559.0
2022,PORSCHE,Diesel,217.0
2022,PORSCHE,Petrol-Electric,131.0
2022,PORSCHE,Petrol-Electric (Plug-In),52.0
2022,PORSCHE,Electric,317.0
2022,PROTON,Petrol,510.0
2022,RAMBLER,Petrol,1.0
2022,RANGE ROVER,Diesel,1.0
2022,RANGE ROVER,Petrol-Electric (Plug-In),1.0
2022,RENAULT,Petrol,540.0
2022,RENAULT,Diesel,3028.0
2022,RENAULT,Petrol-Electric,3.0
2022,RENAULT,Electric,13.0
2022,RILEY,Petrol,4.0
2022,ROLLS ROYCE,Petrol,669.0
2022,ROVER,Petrol,13.0
2022,RUF,Petrol,5.0
2022,RUGBY,Petrol,1.0
2022,SAAB,Petrol,76.0
2022,SEAT,Petrol,1191.0
2022,SEAT,Diesel,54.0
2022,SEAT,Petrol-Electric,28.0
2022,SINGER,Petrol,5.0
2022,SKODA,Petrol,2507.0
2022,SKODA,Diesel,5.0
2022,SKODA,Petrol-Electric,146.0
2022,SMART,Petrol,7.0
2022,SMART,Electric,7.0
2022,SSANGYONG,Petrol,594.0
2022,SSANGYONG,Diesel,912.0
2022,SSANGYONG,Petrol-CNG,1.0
2022,STANDARD,Petrol,1.0
2022,STUTZ,Petrol,1.0
2022,SUBARU,Petrol,14835.0
2022,SUBARU,Petrol-Electric,148.0
2022,SUNBEAM,Petrol,6.0
2022,SUZUKI,Petrol,5212.0
2022,SUZUKI,Petrol-Electric,390.0
2022,SWIFT,Petrol,2.0
2022,TALBOT,Petrol,1.0
2022,TD CARS,Petrol,6.0
2022,TESLA,Electric,1840.0
2022,THE LONDON TAXI CO,Diesel,1.0
2022,TOYOTA,Petrol,115642.0
2022,TOYOTA,Diesel,68.0
2022,TOYOTA,Petrol-Electric,29657.0
2022,TOYOTA,Petrol-Electric (Plug-In),10.0
2022,TOYOTA,Petrol-CNG,42.0
2022,TOYOTA,Electric,15.0
2022,TRIUMPH,Petrol,44.0
2022,V.W. PROSHE,Petrol,1.0
2022,VALIANT,Petrol,1.0
2022,VELOREX,Petrol,1.0
2022,VOLKSWAGEN,Petrol,20493.0
2022,VOLKSWAGEN,Diesel,439.0
2022,VOLKSWAGEN,Petrol-Electric,193.0
2022,VOLKSWAGEN,Electric,10.0
2022,VOLVO,Petrol,7963.0
2022,VOLVO,Diesel,1004.0
2022,VOLVO,Petrol-Electric,345.0
2022,VOLVO,Petrol-Electric (Plug-In),66.0
2022,VOLVO,Electric,63.0
2022,WOLSELEY,Petrol,2.0
2022,WULING,Petrol,1.0
2022,ZOTYE,Petrol,4.0
2023,ALFA ROMEO,Petrol,458.0
2023,ALFA ROMEO,Petrol-Electric,3.0
2023,ALPINA,Petrol,48.0
2023,ALPINA,Diesel,19.0
2023,ALPINE,Petrol,45.0
2023,ALVIS,Petrol,2.0
2023,ARMSTRONG SIDDELEY,Petrol,1.0
2023,ASTON MARTIN,Petrol,292.0
2023,AUDI,Petrol,18425.0
2023,AUDI,Diesel,16.0
2023,AUDI,Petrol-Electric,2983.0
2023,AUDI,Petrol-Electric (Plug-In),23.0
2023,AUDI,Electric,224.0
2023,AUDI,Diesel-Electric,4.0
2023,AUSTIN,Petrol,157.0
2023,AUSTIN,Diesel,1.0
2023,B.M.A.,Petrol,1.0
2023,B.M.W.,Petrol,42384.0
2023,B.M.W.,Diesel,4588.0
2023,B.M.W.,Petrol-Electric,2083.0
2023,B.M.W.,Petrol-Electric (Plug-In),513.0
2023,B.M.W.,Electric,1425.0
2023,B.M.W.,Diesel-Electric,1.0
2023,B.S.A.,Petrol,1.0
2023,BENTLEY,Petrol,1016.0
2023,BENTLEY,Diesel,19.0
2023,BENTLEY,Petrol-Electric (Plug-In),4.0
2023,BERTONE,Petrol,1.0
2023,BINZ,Petrol,1.0
2023,BLUECAR,Electric,783.0
2023,BUICK,Petrol,4.0
2023,BYD,Electric,2399.0
2023,CADILLAC,Petrol,3.0
2023,CATERHAM,Petrol,1.0
2023,CHALMERS,Petrol,1.0
2023,CHERY,Petrol,32.0
2023,CHEVROLET,Petrol,1902.0
2023,CHRYSLER,Petrol,32.0
2023,CHRYSLER,Diesel,10.0
2023,CITROEN,Petrol,2168.0
2023,CITROEN,Diesel,1741.0
2023,CITROEN,Electric,20.0
2023,CITROEN,Diesel-Electric,3.0
2023,DAIHATSU,Petrol,415.0
2023,DAIMLER,Petrol,21.0
2023,DATSUN,Petrol,36.0
2023,DE-LOREAN,Petrol,1.0
2023,DONGFENG,Petrol,4.0
2023,ESSEX,Petrol,1.0
2023,FERRARI,Petrol,896.0
2023,FERRARI,Petrol-Electric (Plug-In),71.0
2023,FIAT,Petrol,155.0
2023,FIAT,Diesel,3.0
2023,FIAT,Electric,5.0
2023,FORD,Petrol,1270.0
2023,FORD,Diesel,64.0
2023,FORD,Electric,1.0
2023,FRAZER,Petrol,2.0
2023,GEELY,Petrol,3.0
2023,GREAT WALL,Electric,54.0
2023,HAFEI,Petrol,2.0
2023,HILLMAN,Petrol,3.0
2023,HOLDEN,Petrol,1.0
2023,HONDA,Petrol,87626.0
2023,HONDA,Petrol-Electric,16350.0
2023,HONDA,Petrol-CNG,2.0
2023,HONDA,Electric,39.0
2023,HUMMER,Petrol,23.0
2023,HYUNDAI,Petrol,31489.0
2023,HYUNDAI,Diesel,105.0
2023,HYUNDAI,Petrol-Electric,1786.0
2023,HYUNDAI,Electric,1192.0
2023,INFINITI,Petrol,1124.0
2023,INFINITI,Diesel,202.0
2023,INFINITI,Petrol-Electric,2.0
2023,INTERNATIONAL,Petrol,1.0
2023,ITALDESIGN-GIUGIARO SPA,Petrol,1.0
2023,JAGUAR,Petrol,2431.0
2023,JAGUAR,Diesel,528.0
2023,JAGUAR,Petrol-Electric,106.0
2023,JAGUAR,Electric,49.0
2023,JEEP,Petrol,366.0
2023,JEEP,Diesel,8.0
2023,JEEP,Petrol-Electric (Plug-In),1.0
2023,JENSEN,Petrol,1.0
2023,KIA,Petrol,20141.0
2023,KIA,Diesel,2463.0
2023,KIA,Petrol-Electric,2459.0
2023,KIA,Electric,71.0
2023,KOENIGSEGG,Petrol,3.0
2023,LAGONDA,Petrol,2.0
2023,LAMBORGHINI,Petrol,463.0
2023,LANCIA,Petrol,9.0
2023,LAND ROVER,Petrol,1646.0
2023,LAND ROVER,Diesel,569.0
2023,LAND ROVER,Petrol-Electric,749.0
2023,LAND ROVER,Petrol-Electric (Plug-In),22.0
2023,LAND ROVER,Diesel-Electric,2.0
2023,LEA - FRANCIS,Petrol,1.0
2023,LEYLAND,Petrol,3.0
2023,LINCOLN,Petrol,1.0
2023,LOTUS,Petrol,141.0
2023,LOTUS,Electric,1.0
2023,M.G.,Petrol,985.0
2023,M.G.,Petrol-Electric (Plug-In),3.0
2023,M.G.,Electric,568.0
2023,MARCOS,Petrol,1.0
2023,MASERATI,Petrol,1056.0
2023,MASERATI,Diesel,68.0
2023,MASERATI,Petrol-Electric,92.0
2023,MAXUS,Petrol,50.0
2023,MAXUS,Electric,10.0
2023,MAXWELL,Petrol,1.0
2023,MAYBACH,Petrol,3.0
2023,MAZDA,Petrol,33075.0
2023,MAZDA,Diesel,75.0
2023,MAZDA,Petrol-Electric,4318.0
2023,MAZDA,Electric,15.0
2023,MCLAREN,Petrol,188.0
2023,MCLAREN,Petrol-Electric (Plug-In),6.0
2023,MERCEDES BENZ,Petrol,65983.0
2023,MERCEDES BENZ,Diesel,1037.0
2023,MERCEDES BENZ,Petrol-Electric,6271.0
2023,MERCEDES BENZ,Petrol-Electric (Plug-In),519.0
2023,MERCEDES BENZ,Petrol-CNG,71.0
2023,MERCEDES BENZ,Electric,882.0
2023,MERCEDES BENZ,Diesel-Electric,8.0
2023,MERCEDES BENZ,Diesel-Electric (Plug-In),1.0
2023,MERCURY,Petrol,2.0
2023,MG-F,Petrol,1.0
2023,MINI,Petrol,4592.0
2023,MINI,Diesel,24.0
2023,MINI,Electric,87.0
2023,MINI MAYFAIR,Petrol,5.0
2023,MINI MOTOR,Petrol,1.0
2023,MITSUBISHI,Petrol,18439.0
2023,MITSUBISHI,Petrol-Electric (Plug-In),4.0
2023,MITSUOKA,Petrol,50.0
2023,MORGAN,Petrol,24.0
2023,MORRIS,Petrol,94.0
2023,NISSAN,Petrol,27372.0
2023,NISSAN,Diesel,29.0
2023,NISSAN,Petrol-Electric,4719.0
2023,NISSAN,Electric,57.0
2023,NOBLE,Petrol,1.0
2023,OPEL,Petrol,2403.0
2023,OPEL,Diesel,495.0
2023,OPEL,Electric,178.0
2023,PAGANI,Petrol,4.0
2023,PANTHER,Petrol,8.0
2023,PERODUA,Petrol,629.0
2023,PEUGEOT,Petrol,3220.0
2023,PEUGEOT,Diesel,585.0
2023,PEUGEOT,Electric,154.0
2023,POLESTAR,Electric,269.0
2023,PONTIAC,Petrol,2.0
2023,PORSCHE,Petrol,7944.0
2023,PORSCHE,Diesel,193.0
2023,PORSCHE,Petrol-Electric,133.0
2023,PORSCHE,Petrol-Electric (Plug-In),62.0
2023,PORSCHE,Electric,448.0
2023,PROTON,Petrol,450.0
2023,RAMBLER,Petrol,1.0
2023,RANGE ROVER,Petrol,1.0
2023,RANGE ROVER,Diesel,1.0
2023,RANGE ROVER,Petrol-Electric (Plug-In),1.0
2023,RENAULT,Petrol,525.0
2023,RENAULT,Diesel,3050.0
2023,RENAULT,Petrol-Electric,3.0
2023,RENAULT,Electric,13.0
2023,RILEY,Petrol,4.0
2023,ROLLS ROYCE,Petrol,762.0
2023,ROVER,Petrol,12.0
2023,RUF,Petrol,5.0
2023,RUGBY,Petrol,1.0
2023,SAAB,Petrol,66.0
2023,SEAT,Petrol,1244.0
2023,SEAT,Diesel,53.0
2023,SEAT,Petrol-Electric,39.0
2023,SINGER,Petrol,5.0
2023,SKODA,Petrol,2660.0
2023,SKODA,Diesel,5.0
2023,SKODA,Petrol-Electric,268.0
2023,SKODA,Electric,2.0
2023,SMART,Petrol,7.0
2023,SMART,Electric,8.0
2023,SSANGYONG,Petrol,591.0
2023,SSANGYONG,Diesel,994.0
2023,SSANGYONG,Petrol-CNG,1.0
2023,STANDARD,Petrol,2.0
2023,STUTZ,Petrol,1.0
2023,SUBARU,Petrol,14523.0
2023,SUBARU,Petrol-Electric,212.0
2023,SUNBEAM,Petrol,6.0
2023,SUZUKI,Petrol,4448.0
2023,SUZUKI,Petrol-Electric,773.0
2023,SWIFT,Petrol,2.0
2023,TALBOT,Petrol,1.0
2023,TD CARS,Petrol,6.0
2023,TESLA,Electric,2780.0
2023,THE LONDON TAXI CO,Diesel,1.0
2023,TOYOTA,Petrol,108042.0
2023,TOYOTA,Diesel,72.0
2023,TOYOTA,Petrol-Electric,35062.0
2023,TOYOTA,Petrol-Electric (Plug-In),27.0
2023,TOYOTA,Petrol-CNG,11.0
2023,TOYOTA,Electric,50.0
2023,TRIUMPH,Petrol,44.0
2023,V.W. PROSHE,Petrol,1.0
2023,VALIANT,Petrol,1.0
2023,VELOREX,Petrol,1.0
2023,VOLKSWAGEN,Petrol,20025.0
2023,VOLKSWAGEN,Diesel,419.0
2023,VOLKSWAGEN,Petrol-Electric,419.0
2023,VOLKSWAGEN,Electric,12.0
2023,VOLVO,Petrol,7679.0
2023,VOLVO,Diesel,957.0
2023,VOLVO,Petrol-Electric,546.0
2023,VOLVO,Petrol-Electric (Plug-In),109.0
2023,VOLVO,Electric,222.0
2023,WOLSELEY,Petrol,2.0
2023,ZOTYE,Petrol,3.0
2024,ALFA ROMEO,Petrol,459.0
2024,ALFA ROMEO,Petrol-Electric,8.0
2024,ALPINA,Petrol,48.0
2024,ALPINA,Diesel,18.0
2024,ALPINE,Petrol,48.0
2024,ALVIS,Petrol,2.0
2024,ARMSTRONG SIDDELEY,Petrol,1.0
2024,ASTON MARTIN,Petrol,304.0
2024,AUDI,Petrol,17332.0
2024,AUDI,Diesel,15.0
2024,AUDI,Petrol-Electric,3399.0
2024,AUDI,Petrol-Electric (Plug-In),27.0
2024,AUDI,Electric,360.0
2024,AUDI,Diesel-Electric,4.0
2024,AUSTIN,Petrol,157.0
2024,AUSTIN,Diesel,1.0
2024,B.M.A.,Petrol,1.0
2024,B.M.W.,Petrol,42997.0
2024,B.M.W.,Diesel,4495.0
2024,B.M.W.,Petrol-Electric,2754.0
2024,B.M.W.,Petrol-Electric (Plug-In),509.0
2024,B.M.W.,Electric,3061.0
2024,B.M.W.,Diesel-Electric,1.0
2024,B.S.A.,Petrol,1.0
2024,BENTLEY,Petrol,1011.0
2024,BENTLEY,Diesel,19.0
2024,BENTLEY,Petrol-Electric (Plug-In),6.0
2024,BERTONE,Petrol,1.0
2024,BINZ,Petrol,1.0
2024,BLUECAR,Electric,692.0
2024,BUICK,Petrol,4.0
2024,BYD,Electric,8567.0
2024,CADILLAC,Petrol,3.0
2024,CATERHAM,Petrol,1.0
2024,CHALMERS,Petrol,1.0
2024,CHERY,Petrol,23.0
2024,CHERY,Petrol-Electric (Plug-In),3.0
2024,CHERY,Electric,113.0
2024,CHEVROLET,Petrol,1535.0
2024,CHRYSLER,Petrol,27.0
2024,CHRYSLER,Diesel,5.0
2024,CITROEN,Petrol,2130.0
2024,CITROEN,Diesel,1528.0
2024,CITROEN,Electric,99.0
2024,CITROEN,Diesel-Electric,2.0
2024,DAIHATSU,Petrol,345.0
2024,DAIMLER,Petrol,21.0
2024,DATSUN,Petrol,36.0
2024,DE-LOREAN,Petrol,1.0
2024,DODGE,Petrol,1.0
2024,DONGFENG,Petrol,2.0
2024,DONGFENG,Electric,22.0
2024,ESSEX,Petrol,1.0
2024,FERRARI,Petrol,914.0
2024,FERRARI,Petrol-Electric (Plug-In),77.0
2024,FIAT,Petrol,138.0
2024,FIAT,Diesel,3.0
2024,FIAT,Electric,5.0
2024,FORD,Petrol,1133.0
2024,FORD,Diesel,61.0
2024,FORD,Electric,1.0
2024,FRAZER,Petrol,2.0
2024,GAC,Electric,310.0
2024,GEELY,Petrol,2.0
2024,GREAT WALL,Electric,201.0
2024,HAFEI,Petrol,1.0
2024,HILLMAN,Petrol,3.0
2024,HOLDEN,Petrol,1.0
2024,HONDA,Petrol,84770.0
2024,HONDA,Petrol-Electric,18246.0
2024,HONDA,Petrol-CNG,2.0
2024,HONDA,Electric,43.0
2024,HUMMER,Petrol,22.0
2024,HYUNDAI,Petrol,28123.0
2024,HYUNDAI,Diesel,101.0
2024,HYUNDAI,Petrol-Electric,3118.0
2024,HYUNDAI,Electric,1898.0
2024,INFINITI,Petrol,1049.0
2024,INFINITI,Diesel,201.0
2024,INFINITI,Petrol-Electric,2.0
2024,INTERNATIONAL,Petrol,1.0
2024,ITALDESIGN-GIUGIARO SPA,Petrol,1.0
2024,JAGUAR,Petrol,2305.0
2024,JAGUAR,Diesel,476.0
2024,JAGUAR,Petrol-Electric,106.0
2024,JAGUAR,Electric,51.0
2024,JEEP,Petrol,377.0
2024,JEEP,Diesel,7.0
2024,JEEP,Petrol-Electric (Plug-In),1.0
2024,JENSEN,Petrol,1.0
2024,KIA,Petrol,17996.0
2024,KIA,Diesel,2441.0
2024,KIA,Petrol-Electric,3624.0
2024,KIA,Electric,119.0
2024,KOENIGSEGG,Petrol,3.0
2024,LAGONDA,Petrol,2.0
2024,LAMBORGHINI,Petrol,473.0
2024,LAMBORGHINI,Petrol-Electric (Plug-In),7.0
2024,LANCIA,Petrol,9.0
2024,LAND ROVER,Petrol,1559.0
2024,LAND ROVER,Diesel,540.0
2024,LAND ROVER,Petrol-Electric,883.0
2024,LAND ROVER,Petrol-Electric (Plug-In),30.0
2024,LAND ROVER,Diesel-Electric,2.0
2024,LEA - FRANCIS,Petrol,1.0
2024,LEYLAND,Petrol,3.0
2024,LINCOLN,Petrol,1.0
2024,LOTUS,Petrol,152.0
2024,LOTUS,Electric,12.0
2024,M.G.,Petrol,993.0
2024,M.G.,Petrol-Electric (Plug-In),3.0
2024,M.G.,Electric,1029.0
2024,MARCOS,Petrol,1.0
2024,MASERATI,Petrol,1031.0
2024,MASERATI,Diesel,61.0
2024,MASERATI,Petrol-Electric,173.0
2024,MAXUS,Petrol,50.0
2024,MAXUS,Electric,98.0
2024,MAXWELL,Petrol,1.0
2024,MAYBACH,Petrol,3.0
2024,MAZDA,Petrol,31815.0
2024,MAZDA,Diesel,71.0
2024,MAZDA,Petrol-Electric,5347.0
2024,MAZDA,Petrol-Electric (Plug-In),1.0
2024,MAZDA,Electric,19.0
2024,MCLAREN,Petrol,197.0
2024,MCLAREN,Petrol-Electric (Plug-In),6.0
2024,MERCEDES BENZ,Petrol,63654.0
2024,MERCEDES BENZ,Diesel,985.0
2024,MERCEDES BENZ,Petrol-Electric,10710.0
2024,MERCEDES BENZ,Petrol-Electric (Plug-In),601.0
2024,MERCEDES BENZ,Petrol-CNG,63.0
2024,MERCEDES BENZ,Electric,1322.0
2024,MERCEDES BENZ,Diesel-Electric,4.0
2024,MERCEDES BENZ,Diesel-Electric (Plug-In),1.0
2024,MERCURY,Petrol,2.0
2024,MG-F,Petrol,1.0
2024,MINI,Petrol,4555.0
2024,MINI,Diesel,22.0
2024,MINI,Petrol-Electric,17.0
2024,MINI,Electric,190.0
2024,MINI MAYFAIR,Petrol,5.0
2024,MINI MOTOR,Petrol,1.0
2024,MITSUBISHI,Petrol,17372.0
2024,MITSUBISHI,Petrol-Electric (Plug-In),4.0
2024,MITSUOKA,Petrol,50.0
2024,MORGAN,Petrol,25.0
2024,MORRIS,Petrol,95.0
2024,NETA,Electric,2.0
2024,NISSAN,Petrol,25609.0
2024,NISSAN,Diesel,29.0
2024,NISSAN,Petrol-Electric,6337.0
2024,NISSAN,Electric,67.0
2024,NOBLE,Petrol,1.0
2024,OPEL,Petrol,2385.0
2024,OPEL,Diesel,472.0
2024,OPEL,Electric,216.0
2024,PAGANI,Petrol,4.0
2024,PANTHER,Petrol,9.0
2024,PERODUA,Petrol,513.0
2024,PEUGEOT,Petrol,3269.0
2024,PEUGEOT,Diesel,464.0
2024,PEUGEOT,Electric,213.0
2024,POLESTAR,Electric,408.0
2024,PONTIAC,Petrol,2.0
2024,PORSCHE,Petrol,8278.0
2024,PORSCHE,Diesel,161.0
2024,PORSCHE,Petrol-Electric,132.0
2024,PORSCHE,Petrol-Electric (Plug-In),69.0
2024,PORSCHE,Electric,672.0
2024,PROTON,Petrol,311.0
2024,RAMBLER,Petrol,1.0
2024,RANGE ROVER,Petrol,2.0
2024,RANGE ROVER,Diesel,1.0
2024,RANGE ROVER,Petrol-Electric (Plug-In),1.0
2024,RENAULT,Petrol,509.0
2024,RENAULT,Diesel,2952.0
2024,RENAULT,Petrol-Electric,3.0
2024,RENAULT,Electric,13.0
2024,RILEY,Petrol,4.0
2024,ROLLS ROYCE,Petrol,756.0
2024,ROLLS ROYCE,Electric,13.0
2024,ROVER,Petrol,12.0
2024,RUF,Petrol,5.0
2024,RUGBY,Petrol,1.0
2024,SAAB,Petrol,64.0
2024,SEAT,Petrol,1243.0
2024,SEAT,Diesel,52.0
2024,SEAT,Petrol-Electric,39.0
2024,SERES,Electric,1.0
2024,SINGER,Petrol,5.0
2024,SKODA,Petrol,2748.0
2024,SKODA,Diesel,5.0
2024,SKODA,Petrol-Electric,490.0
2024,SKODA,Electric,40.0
2024,SMART,Petrol,7.0
2024,SMART,Electric,49.0
2024,SSANGYONG,Petrol,585.0
2024,SSANGYONG,Diesel,1005.0
2024,SSANGYONG,Petrol-CNG,1.0
2024,STANDARD,Petrol,2.0
2024,STUTZ,Petrol,1.0
2024,SUBARU,Petrol,13836.0
2024,SUBARU,Petrol-Electric,621.0
2024,SUNBEAM,Petrol,6.0
2024,SUZUKI,Petrol,3861.0
2024,SUZUKI,Petrol-Electric,962.0
2024,SWIFT,Petrol,2.0
2024,TALBOT,Petrol,1.0
2024,TD CARS,Petrol,6.0
2024,TESLA,Electric,5163.0
2024,TOYOTA,Petrol,100281.0
2024,TOYOTA,Diesel,71.0
2024,TOYOTA,Petrol-Electric,40948.0
2024,TOYOTA,Petrol-Electric (Plug-In),45.0
2024,TOYOTA,Petrol-CNG,8.0
2024,TOYOTA,Electric,94.0
2024,TRIUMPH,Petrol,45.0
2024,V.W. PROSHE,Petrol,1.0
2024,VALIANT,Petrol,1.0
2024,VELOREX,Petrol,1.0
2024,VOLKSWAGEN,Petrol,18664.0
2024,VOLKSWAGEN,Diesel,295.0
2024,VOLKSWAGEN,Petrol-Electric,797.0
2024,VOLKSWAGEN,Petrol-Electric (Plug-In),1.0
2024,VOLKSWAGEN,Electric,200.0
2024,VOLVO,Petrol,7366.0
2024,VOLVO,Diesel,568.0
2024,VOLVO,Petrol-Electric,720.0
2024,VOLVO,Petrol-Electric (Plug-In),173.0
2024,VOLVO,Electric,541.0
2024,WOLSELEY,Petrol,2.0
2024,XPENG,Electric,336.0
2024,ZEEKR,Electric,99.0
2024,ZOTYE,Petrol,1.0
